{"__comment__":"RINGSS Ardmore, 2025-09-04",
"telescope":{"D":0.125,"eps":0.5,"pixel":1.78,"pdist":460,"ringradpix":11,"ron":1.1},
 "site":{"name":"Ardmore","lon":174.985722,"lat":-37.034194},
 "profrest":
 {"mmax":20,"zgrid":[0,250,500,1000,2000,4000,8000,16000],
  "wav":[450,500,550,600,650,700,750,800,850,900,950],
  "sp":[0.091,0.788,0.784,0.756,0.759,0.753,0.690,0.002,0.000,0.000,0.000],
  "weightfile":"weights.json",
  "zmat":"zmat.json",
  "starcat":"starcat.json"},
  "Camera":{
        "library_path":"/usr/local/lib/libASICamera2.so",
        "snapshot":{
            "exposure_time":10,
            "gain":550,
            "brightness":1,
            "bandwidth":80,
            "roi_x0":448,
            "roi_y0":28,
            "roi_width":1024,
            "roi_height":1024,
            "snapshot_fn":"snapshot.fits",
            "save_snapshot":0
        },
        "cube":{
            "number":1000,
            "max_attempts":10,
            "exposure_time":1,
            "gain":550,
            "brightness":1,
            "bandwidth":80,
            "roi_x0":936,
            "roi_y0":516,
            "roi_width":48,
            "roi_height":48,
            "cube_fn":"cube.fits",
            "save_cube":0,
            "imavg_fn":"imavg.fits",
            "save_imavg":0,
            "flux_thr":10000
        } }
}
