{"__comment__":"RINGSS Ardmore, 2025-06-28",
"telescope":{"D":0.125,"eps":0.5,"pixel":1.48,"pdist":500,"ringradpix":13.1,"ron":0.8},
 "site":{"name":"Ardmore","lon":174.985722,"lat":-37.034194},
 "capture":{"exp":1,"frames":2000,"roi":64,"gain":200,"seq":10},
 "profrest":
 {"mmax":20,"maskm":1.5,"zgrid":[0,250,500,1000,2000,4000,8000,16000],
  "wav":[450,500,550,600,650,700,750,800,850,900,950],
  "sp":[0.091,0.788,0.784,0.756,0.759,0.753,0.690,0.002,0.000,0.000,0.000],
  "weightfile":"weights.json",
  "zmat":"zmat.json",
  "starcat":"starcat.json"}
}
